order_id,customer_id,order_date,country,product_category,price,quantity,revenue
1,141,2023-11-24,France,Clothing,67,1,67
2,280,2023-03-13,Germany,Beauty,387,1,387
3,48,2023-08-05,France,Clothing,26,1,26
4,288,2023-09-16,France,Beauty,318,1,318
5,143,2023-08-03,Germany,Clothing,122,4,488
6,143,2023-12-24,France,Clothing,226,3,678
7,195,2023-06-22,Germany,Home,62,1,62
8,23,2023-06-26,Italy,Beauty,319,3,957
9,41,2023-03-05,Netherlands,Home,482,4,1928
10,296,2023-11-18,France,Electronics,326,3,978
11,149,2023-01-24,Germany,Clothing,348,2,696
12,233,2023-02-21,Spain,Clothing,204,3,612
13,137,2023-07-09,Germany,Beauty,191,2,382
14,126,2023-11-22,France,Sports,97,5,485
15,113,2023-07-14,Spain,Electronics,148,5,740
16,162,2023-04-28,Italy,Home,430,1,430
17,162,2023-02-03,France,Sports,118,5,590
18,74,2023-07-22,Spain,Clothing,462,4,1848
19,276,2023-05-07,Spain,Beauty,391,5,1955
20,205,2023-08-08,Spain,Clothing,469,5,2345
21,47,2023-03-12,Germany,Electronics,270,4,1080
22,217,2023-03-20,Netherlands,Electronics,331,2,662
23,240,2023-07-17,Netherlands,Home,205,5,1025
24,59,2023-10-11,Netherlands,Home,450,1,450
25,151,2023-11-25,Italy,Clothing,184,1,184
26,257,2023-08-21,France,Beauty,11,3,33
27,260,2023-02-24,Netherlands,Clothing,455,3,1365
28,277,2023-03-20,Netherlands,Electronics,201,2,402
29,10,2023-11-03,Germany,Home,175,4,700
30,124,2023-06-07,Netherlands,Electronics,132,1,132
31,36,2023-02-13,Netherlands,Clothing,384,4,1536
32,282,2023-03-07,France,Home,347,4,1388
33,217,2023-09-28,France,Beauty,456,5,2280
34,205,2023-12-20,Spain,Sports,112,3,336
35,127,2023-09-22,France,Electronics,241,1,241
36,284,2023-06-23,France,Beauty,20,5,100
37,31,2023-04-23,France,Electronics,13,1,13
38,37,2023-01-17,Netherlands,Clothing,450,3,1350
39,110,2023-05-23,Netherlands,Clothing,352,4,1408
40,125,2023-10-20,Italy,Sports,305,4,1220
41,221,2023-04-08,Spain,Sports,58,1,58
42,51,2023-07-30,Germany,Sports,249,1,249
43,128,2023-06-23,France,Clothing,419,1,419
44,217,2023-10-02,France,Home,239,2,478
45,227,2023-08-25,Netherlands,Electronics,137,1,137
46,8,2023-01-26,Germany,Clothing,343,5,1715
47,247,2023-03-27,France,Sports,218,4,872
48,2,2023-01-31,Italy,Home,94,4,376
49,285,2023-08-21,Italy,Clothing,156,4,624
50,30,2023-04-08,Netherlands,Beauty,161,2,322
51,30,2023-02-01,Germany,Beauty,392,3,1176
52,81,2023-09-02,Germany,Beauty,267,5,1335
53,36,2023-02-11,Netherlands,Electronics,445,2,890
54,207,2023-12-12,Germany,Beauty,451,2,902
55,21,2023-05-07,Netherlands,Electronics,306,5,1530
56,290,2023-08-03,Netherlands,Home,346,5,1730
57,123,2023-05-14,Spain,Sports,114,3,342
58,235,2023-03-09,Spain,Electronics,353,3,1059
59,289,2023-01-05,Germany,Electronics,244,5,1220
60,136,2023-10-03,France,Home,119,5,595
61,190,2023-02-05,Spain,Clothing,460,2,920
62,155,2023-08-13,Netherlands,Beauty,436,5,2180
63,154,2023-01-05,Germany,Clothing,351,5,1755
64,284,2023-05-16,France,Home,69,1,69
65,176,2023-05-25,France,Home,319,2,638
66,27,2023-09-16,Germany,Sports,260,3,780
67,171,2023-05-22,France,Home,32,1,32
68,283,2023-03-24,Italy,Beauty,389,4,1556
69,77,2023-01-05,Netherlands,Electronics,67,1,67
70,76,2023-07-09,Italy,Clothing,308,5,1540
71,21,2023-01-22,Spain,Clothing,167,3,501
72,182,2023-12-16,Netherlands,Sports,137,1,137
73,122,2023-11-14,France,Clothing,393,2,786
74,171,2023-07-31,Italy,Clothing,22,2,44
75,196,2023-05-17,Germany,Sports,91,1,91
76,180,2023-04-24,Spain,Clothing,112,4,448
77,205,2023-04-25,Spain,Home,22,2,44
78,180,2023-02-05,Netherlands,Sports,405,3,1215
79,170,2023-12-14,Germany,Electronics,441,5,2205
80,136,2023-05-14,Germany,Electronics,101,5,505
81,161,2023-11-02,Italy,Beauty,232,3,696
82,296,2023-09-19,France,Home,69,4,276
83,1,2023-01-23,Netherlands,Beauty,372,4,1488
84,187,2023-12-18,Italy,Electronics,378,2,756
85,161,2023-12-07,Germany,Home,481,3,1443
86,168,2023-09-17,Italy,Home,168,4,672
87,216,2023-10-11,Italy,Clothing,75,2,150
88,208,2023-11-12,Netherlands,Electronics,301,3,903
89,221,2023-06-05,Netherlands,Beauty,156,2,312
90,227,2023-12-02,Italy,Clothing,174,4,696
91,44,2023-09-19,Spain,Beauty,252,2,504
92,172,2023-12-06,Germany,Clothing,334,5,1670
93,102,2023-12-11,France,Electronics,168,2,336
94,38,2023-01-24,Italy,Sports,135,4,540
95,197,2023-11-19,Italy,Sports,304,2,608
96,55,2023-05-05,Italy,Clothing,85,1,85
97,238,2023-04-01,Germany,Beauty,421,5,2105
98,234,2023-05-08,France,Sports,479,1,479
99,163,2023-12-08,Italy,Beauty,281,5,1405
100,229,2023-09-16,France,Sports,228,5,1140
101,142,2023-08-19,Netherlands,Sports,142,2,284
102,226,2023-11-17,Germany,Home,132,3,396
103,164,2023-05-01,Netherlands,Electronics,149,3,447
104,197,2023-03-12,France,Clothing,87,2,174
105,170,2023-02-02,Netherlands,Sports,222,4,888
106,216,2023-08-01,Italy,Beauty,41,2,82
107,195,2023-12-23,Italy,Electronics,20,5,100
108,215,2023-06-30,Netherlands,Beauty,162,4,648
109,250,2023-11-05,France,Home,469,2,938
110,200,2023-08-12,Spain,Sports,258,1,258
111,66,2023-03-26,Netherlands,Beauty,440,4,1760
112,289,2023-01-14,Germany,Electronics,474,4,1896
113,237,2023-11-26,France,Electronics,229,2,458
114,109,2023-05-14,Italy,Home,204,3,612
115,143,2023-06-22,Italy,Home,399,4,1596
116,277,2023-02-11,Germany,Home,250,1,250
117,21,2023-04-25,Germany,Clothing,342,1,342
118,79,2023-04-13,France,Clothing,439,1,439
119,289,2023-08-31,France,Sports,352,1,352
120,86,2023-12-25,Netherlands,Beauty,141,3,423
121,160,2023-02-28,Germany,Beauty,408,2,816
122,295,2023-01-14,Italy,Sports,485,3,1455
123,125,2023-04-12,Germany,Home,48,5,240
124,290,2023-12-17,Germany,Home,317,1,317
125,36,2023-09-30,Netherlands,Home,229,3,687
126,251,2023-01-07,Germany,Sports,444,4,1776
127,79,2023-07-05,Italy,Clothing,335,4,1340
128,276,2023-09-25,Italy,Sports,343,3,1029
129,138,2023-08-12,Spain,Clothing,432,5,2160
130,125,2023-02-14,Italy,Beauty,152,4,608
131,173,2023-11-09,Germany,Sports,352,4,1408
132,109,2023-06-16,Spain,Home,103,4,412
133,142,2023-06-24,Netherlands,Electronics,153,5,765
134,44,2023-09-22,France,Sports,495,2,990
135,244,2023-09-08,Italy,Sports,294,2,588
136,114,2023-01-09,Italy,Clothing,57,3,171
137,189,2023-06-06,Italy,Beauty,349,5,1745
138,282,2023-09-29,Spain,Home,186,4,744
139,157,2023-12-26,Spain,Clothing,242,3,726
140,162,2023-03-03,Germany,Beauty,379,2,758
141,111,2023-12-20,Italy,Home,104,2,208
142,145,2023-10-29,Germany,Clothing,399,5,1995
143,92,2023-06-01,Spain,Electronics,126,3,378
144,141,2023-12-29,Germany,Electronics,283,2,566
145,252,2023-10-11,Germany,Electronics,159,2,318
146,246,2023-10-21,Italy,Home,155,4,620
147,245,2023-04-05,Germany,Electronics,36,3,108
148,296,2023-07-25,Germany,Clothing,261,1,261
149,156,2023-03-18,Germany,Clothing,425,5,2125
150,116,2023-03-02,Netherlands,Sports,295,4,1180
151,153,2023-08-19,Netherlands,Sports,475,4,1900
152,31,2023-06-06,Netherlands,Electronics,301,5,1505
153,136,2023-04-17,Germany,Clothing,330,2,660
154,39,2023-05-03,France,Electronics,98,5,490
155,241,2023-07-29,Spain,Electronics,240,5,1200
156,233,2023-04-29,Germany,Clothing,157,3,471
157,102,2023-05-16,Italy,Electronics,413,5,2065
158,137,2023-10-06,France,Electronics,125,2,250
159,292,2023-01-31,Spain,Sports,94,3,282
160,207,2023-03-05,Spain,Beauty,249,3,747
161,42,2023-10-04,Netherlands,Electronics,262,4,1048
162,129,2023-08-10,Germany,Electronics,386,3,1158
163,11,2023-04-28,Spain,Beauty,355,5,1775
164,241,2023-01-21,Netherlands,Sports,400,2,800
165,224,2023-05-23,Italy,Electronics,102,5,510
166,171,2023-08-29,Spain,Electronics,188,4,752
167,254,2023-03-24,Spain,Sports,178,4,712
168,46,2023-10-09,Spain,Home,28,4,112
169,264,2023-06-15,Germany,Beauty,69,4,276
170,97,2023-08-25,Netherlands,Home,221,1,221
171,227,2023-11-15,Germany,Clothing,397,4,1588
172,148,2023-05-17,Italy,Sports,291,2,582
173,123,2023-03-04,France,Home,24,5,120
174,209,2023-10-10,Germany,Clothing,17,5,85
175,79,2023-02-28,Italy,Home,246,1,246
176,213,2023-09-18,Italy,Sports,371,3,1113
177,75,2023-05-05,Italy,Clothing,243,5,1215
178,36,2023-11-03,Spain,Sports,270,2,540
179,137,2023-06-24,Germany,Home,488,5,2440
180,297,2023-06-02,Italy,Clothing,438,5,2190
181,177,2023-08-17,Spain,Beauty,285,4,1140
182,165,2023-10-06,France,Clothing,203,4,812
183,211,2023-10-20,Germany,Home,206,2,412
184,198,2023-08-31,France,Sports,371,4,1484
185,170,2023-01-19,Germany,Sports,74,5,370
186,8,2023-02-21,France,Sports,279,4,1116
187,241,2023-12-02,Spain,Home,89,1,89
188,42,2023-11-16,Spain,Beauty,364,4,1456
189,250,2023-07-14,Netherlands,Electronics,498,3,1494
190,148,2023-11-13,France,Electronics,45,2,90
191,228,2023-08-11,France,Home,60,1,60
192,29,2023-01-15,Spain,Home,33,3,99
193,126,2023-07-11,Netherlands,Sports,230,2,460
194,88,2023-10-17,France,Electronics,359,2,718
195,124,2023-11-09,Italy,Beauty,455,4,1820
196,131,2023-03-15,Italy,Home,128,4,512
197,148,2023-12-08,Netherlands,Clothing,14,4,56
198,154,2023-02-07,Italy,Home,236,3,708
199,102,2023-08-22,Italy,Sports,442,3,1326
200,293,2023-02-24,Spain,Beauty,131,4,524
201,12,2023-06-01,Italy,Home,368,3,1104
202,255,2023-01-05,Spain,Clothing,299,1,299
203,113,2023-11-07,France,Beauty,420,3,1260
204,50,2023-05-09,Germany,Home,357,2,714
205,187,2023-08-14,France,Electronics,27,5,135
206,90,2023-06-01,France,Clothing,177,4,708
207,272,2023-10-04,Netherlands,Home,458,3,1374
208,152,2023-03-26,Spain,Electronics,141,4,564
209,116,2023-08-28,Italy,Beauty,48,2,96
210,8,2023-07-07,Spain,Beauty,56,4,224
211,135,2023-03-05,Netherlands,Sports,242,3,726
212,56,2023-11-23,France,Sports,491,3,1473
213,168,2023-01-13,Netherlands,Clothing,327,5,1635
214,155,2023-11-28,Italy,Electronics,42,4,168
215,156,2023-03-13,Italy,Electronics,33,1,33
216,70,2023-02-19,Italy,Sports,130,5,650
217,215,2023-07-09,Netherlands,Clothing,353,5,1765
218,251,2023-08-01,Netherlands,Sports,345,1,345
219,112,2023-05-24,Italy,Sports,26,3,78
220,51,2023-05-01,Spain,Beauty,447,3,1341
221,204,2023-11-27,Spain,Clothing,193,1,193
222,47,2023-03-04,France,Beauty,495,4,1980
223,125,2023-01-11,France,Beauty,35,3,105
224,107,2023-04-16,Netherlands,Clothing,45,5,225
225,2,2023-04-30,Spain,Clothing,178,2,356
226,90,2023-03-08,Germany,Electronics,286,3,858
227,122,2023-03-09,Netherlands,Home,17,3,51
228,27,2023-01-09,France,Sports,99,3,297
229,244,2023-09-27,Italy,Home,68,1,68
230,232,2023-09-20,Netherlands,Clothing,313,1,313
231,155,2023-11-11,Italy,Electronics,32,5,160
232,219,2023-02-01,Germany,Sports,255,4,1020
233,38,2023-12-31,Germany,Home,475,4,1900
234,65,2023-11-08,Spain,Beauty,85,1,85
235,167,2023-11-21,Italy,Beauty,309,5,1545
236,259,2023-09-29,Netherlands,Sports,160,4,640
237,283,2023-02-20,France,Sports,416,1,416
238,212,2023-08-20,Spain,Sports,464,2,928
239,161,2023-07-24,Italy,Home,222,1,222
240,79,2023-12-07,Italy,Electronics,140,3,420
241,48,2023-02-16,Italy,Electronics,435,1,435
242,285,2023-07-10,Germany,Beauty,425,2,850
243,63,2023-10-15,Italy,Home,297,3,891
244,27,2023-12-07,Spain,Beauty,491,4,1964
245,296,2023-06-09,Netherlands,Clothing,190,1,190
246,115,2023-03-21,Germany,Home,346,4,1384
247,143,2023-10-12,Netherlands,Clothing,198,1,198
248,286,2023-08-08,Germany,Beauty,442,5,2210
249,15,2023-12-03,France,Home,434,3,1302
250,174,2023-12-26,Spain,Electronics,400,3,1200
251,290,2023-04-03,Italy,Electronics,455,2,910
252,47,2023-03-14,Netherlands,Clothing,389,1,389
253,175,2023-07-12,France,Home,224,4,896
254,291,2023-06-09,Netherlands,Electronics,379,3,1137
255,26,2023-01-27,Germany,Home,89,2,178
256,249,2023-08-15,Netherlands,Sports,348,4,1392
257,263,2023-08-01,Germany,Home,149,2,298
258,250,2023-08-09,Netherlands,Home,66,3,198
259,29,2023-01-24,Germany,Clothing,122,4,488
260,71,2023-06-04,Spain,Home,494,2,988
261,255,2023-06-17,Italy,Clothing,71,1,71
262,118,2023-03-08,Netherlands,Beauty,204,5,1020
263,37,2023-12-09,Italy,Electronics,422,3,1266
264,40,2023-08-12,Spain,Beauty,19,4,76
265,214,2023-08-08,Spain,Electronics,303,4,1212
266,88,2023-07-27,Netherlands,Sports,20,3,60
267,46,2023-12-20,Italy,Electronics,480,3,1440
268,206,2023-05-05,Netherlands,Electronics,233,5,1165
269,174,2023-07-22,France,Home,455,3,1365
270,59,2023-03-28,Netherlands,Beauty,49,5,245
271,180,2023-04-10,France,Clothing,473,3,1419
272,102,2023-02-22,France,Beauty,84,3,252
273,91,2023-03-20,Italy,Sports,399,1,399
274,230,2023-10-16,Netherlands,Beauty,399,5,1995
275,78,2023-06-15,Italy,Electronics,452,3,1356
276,141,2023-08-29,Netherlands,Electronics,236,3,708
277,159,2023-06-30,Italy,Sports,269,1,269
278,147,2023-01-20,Germany,Electronics,39,3,117
279,197,2023-11-11,Italy,Beauty,314,5,1570
280,231,2023-10-11,Netherlands,Clothing,498,1,498
281,257,2023-06-14,France,Electronics,319,4,1276
282,44,2023-08-19,Netherlands,Clothing,62,3,186
283,225,2023-01-21,Netherlands,Beauty,136,4,544
284,191,2023-11-09,Spain,Sports,91,3,273
285,27,2023-07-29,Spain,Electronics,406,3,1218
286,198,2023-06-18,Spain,Home,58,5,290
287,77,2023-12-03,Spain,Electronics,474,5,2370
288,180,2023-10-26,Spain,Sports,349,2,698
289,159,2023-03-08,Netherlands,Sports,314,1,314
290,66,2023-11-26,Netherlands,Electronics,415,3,1245
291,261,2023-11-27,Spain,Electronics,353,4,1412
292,110,2023-07-05,Spain,Sports,168,2,336
293,80,2023-04-09,Germany,Home,125,2,250
294,270,2023-02-21,Germany,Home,269,5,1345
295,193,2023-11-13,France,Clothing,77,5,385
296,85,2023-04-03,Italy,Electronics,435,5,2175
297,228,2023-07-30,Netherlands,Home,196,2,392
298,123,2023-08-18,Spain,Sports,129,5,645
299,226,2023-04-10,Italy,Home,198,5,990
300,215,2023-07-15,France,Clothing,267,5,1335
301,27,2023-11-06,Italy,Home,80,3,240
302,265,2023-10-11,Germany,Home,488,1,488
303,140,2023-02-12,Italy,Beauty,400,2,800
304,47,2023-03-17,France,Sports,435,4,1740
305,213,2023-06-28,Germany,Sports,486,1,486
306,198,2023-09-15,Germany,Home,201,2,402
307,51,2023-04-25,Spain,Clothing,24,3,72
308,242,2023-03-12,France,Sports,29,3,87
309,41,2023-08-18,Germany,Home,325,1,325
310,281,2023-04-21,Netherlands,Beauty,437,2,874
311,122,2023-08-05,Spain,Electronics,66,3,198
312,235,2023-01-25,Germany,Electronics,132,4,528
313,9,2023-09-13,Netherlands,Beauty,315,5,1575
314,150,2023-05-04,Italy,Electronics,377,2,754
315,293,2023-11-11,Italy,Clothing,190,2,380
316,269,2023-12-07,Spain,Electronics,352,1,352
317,260,2023-09-27,Netherlands,Electronics,288,5,1440
318,23,2023-07-19,Italy,Home,457,4,1828
319,183,2023-05-10,Germany,Home,392,1,392
320,298,2023-05-04,Spain,Clothing,385,1,385
321,174,2023-01-23,France,Sports,190,5,950
322,70,2023-12-23,Germany,Sports,255,2,510
323,23,2023-01-19,France,Electronics,160,2,320
324,264,2023-06-11,Italy,Beauty,487,3,1461
325,98,2023-08-31,Spain,Home,139,1,139
326,140,2023-01-25,Germany,Home,453,3,1359
327,226,2023-08-12,Italy,Home,465,4,1860
328,189,2023-04-06,Netherlands,Home,264,4,1056
329,41,2023-02-12,Italy,Beauty,382,4,1528
330,165,2023-04-03,Germany,Electronics,289,3,867
331,157,2023-06-17,Italy,Beauty,348,3,1044
332,180,2023-08-07,Italy,Electronics,95,4,380
333,141,2023-06-30,Germany,Electronics,324,4,1296
334,187,2023-12-10,Netherlands,Clothing,336,4,1344
335,225,2023-01-16,Germany,Clothing,83,5,415
336,186,2023-02-04,Italy,Beauty,130,3,390
337,231,2023-01-17,Spain,Home,319,2,638
338,294,2023-08-16,France,Beauty,400,1,400
339,143,2023-07-07,France,Electronics,213,3,639
340,256,2023-01-14,Netherlands,Sports,386,2,772
341,134,2023-10-15,Italy,Clothing,70,3,210
342,103,2023-11-10,Germany,Clothing,156,4,624
343,228,2023-02-07,Germany,Home,241,2,482
344,282,2023-12-08,Netherlands,Home,187,1,187
345,90,2023-06-03,Spain,Beauty,445,2,890
346,72,2023-04-25,France,Sports,72,2,144
347,294,2023-01-14,Spain,Sports,194,5,970
348,45,2023-10-10,Germany,Home,76,5,380
349,270,2023-07-23,Italy,Sports,377,4,1508
350,163,2023-10-22,Germany,Sports,47,2,94
351,177,2023-08-27,France,Beauty,358,5,1790
352,67,2023-11-24,Italy,Beauty,310,2,620
353,266,2023-01-29,France,Home,435,1,435
354,116,2023-03-26,Spain,Beauty,92,3,276
355,129,2023-05-26,France,Beauty,443,1,443
356,274,2023-05-21,Germany,Beauty,74,3,222
357,298,2023-11-25,France,Clothing,96,5,480
358,173,2023-12-04,Netherlands,Electronics,329,5,1645
359,296,2023-01-15,Spain,Clothing,51,1,51
360,16,2023-10-20,Italy,Beauty,223,5,1115
361,248,2023-05-29,France,Sports,338,3,1014
362,31,2023-06-02,France,Sports,242,1,242
363,105,2023-08-01,Spain,Beauty,257,4,1028
364,177,2023-03-15,Italy,Clothing,170,3,510
365,55,2023-07-09,Spain,Clothing,273,5,1365
366,231,2023-08-27,France,Clothing,72,3,216
367,197,2023-02-19,Netherlands,Sports,35,3,105
368,168,2023-05-08,Netherlands,Home,453,2,906
369,256,2023-04-08,Netherlands,Sports,400,2,800
370,255,2023-09-13,Germany,Electronics,460,3,1380
371,124,2023-07-21,France,Beauty,268,4,1072
372,145,2023-06-30,Italy,Beauty,34,1,34
373,147,2023-12-01,Netherlands,Electronics,354,4,1416
374,136,2023-02-25,Spain,Sports,230,2,460
375,27,2023-07-07,Netherlands,Beauty,33,4,132
376,148,2023-04-10,Germany,Sports,195,5,975
377,144,2023-09-16,Netherlands,Beauty,240,5,1200
378,202,2023-03-02,Spain,Home,75,1,75
379,74,2023-10-13,France,Beauty,490,3,1470
380,21,2023-09-18,Germany,Electronics,215,5,1075
381,243,2023-03-12,Netherlands,Sports,375,3,1125
382,72,2023-03-18,Spain,Beauty,320,5,1600
383,154,2023-06-13,Netherlands,Home,93,4,372
384,273,2023-09-17,Italy,Beauty,434,5,2170
385,189,2023-06-03,Spain,Electronics,253,1,253
386,14,2023-08-02,Netherlands,Sports,308,3,924
387,296,2023-05-16,France,Electronics,345,5,1725
388,269,2023-10-26,Netherlands,Sports,255,2,510
389,17,2023-03-17,Netherlands,Electronics,430,2,860
390,161,2023-04-08,Italy,Clothing,19,4,76
391,211,2023-07-31,Netherlands,Beauty,363,2,726
392,71,2023-08-30,Netherlands,Clothing,456,1,456
393,270,2023-10-15,Italy,Home,176,4,704
394,176,2023-03-30,Netherlands,Home,245,5,1225
395,248,2023-12-13,France,Clothing,405,3,1215
396,116,2023-05-23,Spain,Home,295,3,885
397,163,2023-12-27,Italy,Home,116,4,464
398,148,2023-10-14,Germany,Beauty,488,3,1464
399,203,2023-12-13,Spain,Clothing,288,4,1152
400,41,2023-05-29,Spain,Sports,31,3,93
401,110,2023-12-02,France,Beauty,141,4,564
402,140,2023-05-19,France,Electronics,487,5,2435
403,123,2023-11-12,France,Electronics,389,5,1945
404,116,2023-12-09,France,Electronics,473,5,2365
405,242,2023-02-21,Germany,Clothing,221,3,663
406,209,2023-01-03,Italy,Sports,291,2,582
407,165,2023-11-30,Spain,Electronics,112,3,336
408,119,2023-02-15,Netherlands,Electronics,343,5,1715
409,19,2023-03-31,Italy,Sports,223,2,446
410,20,2023-04-06,Germany,Home,489,3,1467
411,172,2023-10-18,Spain,Sports,318,1,318
412,253,2023-11-25,France,Beauty,288,5,1440
413,58,2023-08-28,Spain,Clothing,149,2,298
414,96,2023-08-23,Germany,Home,341,3,1023
415,90,2023-06-01,Netherlands,Sports,300,2,600
416,45,2023-08-07,Italy,Electronics,273,3,819
417,166,2023-04-05,France,Electronics,81,4,324
418,229,2023-05-14,Spain,Home,206,2,412
419,6,2023-06-04,Spain,Home,308,5,1540
420,61,2023-12-21,Italy,Home,130,1,130
421,160,2023-03-23,Germany,Home,217,5,1085
422,113,2023-07-08,France,Sports,324,2,648
423,192,2023-03-20,Italy,Beauty,242,5,1210
424,112,2023-08-30,France,Beauty,397,5,1985
425,271,2023-02-11,Spain,Electronics,279,4,1116
426,281,2023-10-16,Netherlands,Clothing,67,1,67
427,85,2023-10-21,Spain,Beauty,284,2,568
428,299,2023-08-15,Italy,Electronics,69,2,138
429,233,2023-09-19,France,Beauty,238,1,238
430,30,2023-08-01,Netherlands,Sports,243,5,1215
431,12,2023-12-11,Italy,Home,423,3,1269
432,297,2023-01-02,Germany,Electronics,391,2,782
433,278,2023-08-05,Germany,Electronics,186,1,186
434,210,2023-08-30,France,Clothing,26,3,78
435,192,2023-11-25,Italy,Sports,383,4,1532
436,277,2023-07-13,France,Home,202,1,202
437,202,2023-03-02,Netherlands,Clothing,101,5,505
438,12,2023-04-25,Spain,Sports,437,1,437
439,218,2023-12-11,Netherlands,Sports,378,5,1890
440,178,2023-04-28,France,Home,136,4,544
441,17,2023-04-07,Italy,Beauty,489,1,489
442,35,2023-01-09,Germany,Beauty,133,2,266
443,25,2023-01-18,France,Electronics,238,5,1190
444,277,2023-07-25,France,Electronics,234,2,468
445,120,2023-03-13,Netherlands,Home,267,3,801
446,122,2023-10-23,Spain,Clothing,316,3,948
447,212,2023-12-05,Spain,Home,276,2,552
448,90,2023-02-01,Italy,Beauty,295,5,1475
449,196,2023-09-11,Netherlands,Home,34,3,102
450,77,2023-12-23,Spain,Sports,223,4,892
451,243,2023-04-05,France,Clothing,396,5,1980
452,238,2023-06-03,Germany,Beauty,449,2,898
453,272,2023-07-31,France,Sports,223,5,1115
454,170,2023-05-05,Germany,Sports,140,2,280
455,98,2023-07-09,Germany,Home,57,5,285
456,21,2023-07-13,Germany,Clothing,354,5,1770
457,112,2023-10-28,Italy,Clothing,380,5,1900
458,109,2023-06-20,France,Electronics,165,1,165
459,105,2023-09-03,Italy,Clothing,478,2,956
460,195,2023-10-10,Italy,Beauty,174,3,522
461,134,2023-11-29,Spain,Beauty,193,3,579
462,241,2023-09-12,Spain,Clothing,248,1,248
463,24,2023-07-09,Netherlands,Clothing,170,4,680
464,284,2023-03-16,Netherlands,Beauty,18,3,54
465,101,2023-08-02,Spain,Clothing,161,2,322
466,256,2023-07-14,Netherlands,Home,301,2,602
467,252,2023-05-12,Italy,Clothing,400,4,1600
468,280,2023-06-30,Italy,Clothing,96,2,192
469,269,2023-10-05,Germany,Electronics,338,1,338
470,212,2023-12-09,France,Clothing,34,1,34
471,5,2023-02-04,France,Beauty,372,2,744
472,248,2023-08-22,Italy,Electronics,201,1,201
473,211,2023-01-04,Germany,Electronics,282,5,1410
474,275,2023-09-29,Spain,Electronics,379,3,1137
475,92,2023-09-15,Germany,Electronics,426,4,1704
476,99,2023-09-26,Netherlands,Beauty,86,2,172
477,137,2023-05-10,Italy,Electronics,427,3,1281
478,290,2023-07-11,France,Clothing,217,4,868
479,17,2023-06-03,Germany,Sports,360,1,360
480,244,2023-07-14,Germany,Electronics,203,5,1015
481,256,2023-12-26,Italy,Home,97,1,97
482,271,2023-10-17,Germany,Clothing,449,1,449
483,244,2023-04-19,Spain,Electronics,471,5,2355
484,279,2023-02-08,Netherlands,Electronics,360,3,1080
485,9,2023-04-02,France,Beauty,485,3,1455
486,40,2023-03-15,Spain,Clothing,395,4,1580
487,200,2023-10-16,Netherlands,Home,133,5,665
488,41,2023-07-16,Netherlands,Home,396,2,792
489,119,2023-01-28,Germany,Home,60,4,240
490,204,2023-11-06,Spain,Electronics,403,5,2015
491,252,2023-11-21,France,Home,149,4,596
492,222,2023-10-11,France,Beauty,491,4,1964
493,152,2023-12-05,France,Electronics,204,1,204
494,195,2023-02-12,France,Sports,147,2,294
495,47,2023-06-12,Germany,Home,194,1,194
496,53,2023-08-16,France,Electronics,194,3,582
497,286,2023-04-06,Netherlands,Beauty,230,4,920
498,46,2023-07-28,Spain,Beauty,62,1,62
499,167,2023-02-17,Italy,Electronics,315,5,1575
500,44,2023-05-30,Netherlands,Clothing,221,4,884
501,195,2023-10-20,France,Clothing,276,2,552
502,253,2023-05-18,France,Electronics,164,3,492
503,216,2023-03-27,Spain,Sports,232,3,696
504,127,2023-02-09,Italy,Beauty,194,3,582
505,55,2023-11-12,France,Home,110,4,440
506,171,2023-01-04,Netherlands,Sports,495,4,1980
507,221,2023-06-18,Netherlands,Clothing,235,3,705
508,103,2023-06-03,Italy,Home,174,5,870
509,150,2023-04-01,Italy,Beauty,213,3,639
510,144,2023-05-05,Italy,Home,176,4,704
511,103,2023-02-28,Netherlands,Beauty,487,5,2435
512,14,2023-04-03,Italy,Clothing,359,5,1795
513,36,2023-08-13,Italy,Sports,418,3,1254
514,124,2023-03-13,Spain,Clothing,334,3,1002
515,38,2023-08-05,Italy,Beauty,414,4,1656
516,274,2023-09-03,Netherlands,Sports,308,4,1232
517,275,2023-10-06,Netherlands,Electronics,28,3,84
518,182,2023-02-25,France,Beauty,403,2,806
519,170,2023-01-23,Italy,Electronics,298,4,1192
520,114,2023-01-06,Netherlands,Beauty,60,3,180
521,114,2023-10-13,Italy,Home,307,5,1535
522,257,2023-07-20,France,Home,247,5,1235
523,152,2023-01-13,Italy,Electronics,257,1,257
524,179,2023-03-01,Spain,Home,435,2,870
525,267,2023-08-22,Italy,Home,411,2,822
526,232,2023-09-01,Spain,Electronics,59,4,236
527,12,2023-06-03,Spain,Electronics,32,1,32
528,125,2023-12-13,Netherlands,Clothing,419,2,838
529,287,2023-10-10,Italy,Sports,91,3,273
530,95,2023-04-29,France,Sports,418,4,1672
531,102,2023-07-22,Italy,Beauty,24,5,120
532,110,2023-08-08,France,Home,209,1,209
533,296,2023-12-27,Germany,Beauty,424,1,424
534,101,2023-04-06,Italy,Electronics,197,3,591
535,271,2023-05-15,Spain,Beauty,353,4,1412
536,59,2023-07-18,Spain,Home,322,4,1288
537,153,2023-08-23,Netherlands,Beauty,326,2,652
538,161,2023-02-13,Germany,Clothing,354,2,708
539,192,2023-06-06,France,Beauty,69,2,138
540,71,2023-07-18,Netherlands,Sports,224,5,1120
541,276,2023-08-05,France,Beauty,105,4,420
542,72,2023-03-27,France,Home,260,3,780
543,184,2023-08-19,Germany,Sports,327,1,327
544,288,2023-03-11,Netherlands,Sports,109,4,436
545,213,2023-07-29,Italy,Sports,360,4,1440
546,16,2023-03-27,France,Home,52,5,260
547,276,2023-01-17,Spain,Clothing,150,2,300
548,282,2023-08-23,Netherlands,Electronics,299,4,1196
549,279,2023-10-21,Spain,Beauty,68,3,204
550,280,2023-01-22,France,Sports,399,4,1596
551,153,2023-02-22,Germany,Sports,386,2,772
552,225,2023-05-15,Germany,Clothing,188,1,188
553,180,2023-04-18,Netherlands,Sports,425,5,2125
554,106,2023-03-26,France,Electronics,325,2,650
555,144,2023-10-19,Netherlands,Beauty,189,5,945
556,149,2023-03-28,Netherlands,Home,175,3,525
557,70,2023-09-21,Italy,Electronics,470,1,470
558,68,2023-05-22,France,Clothing,453,2,906
559,202,2023-12-31,Italy,Clothing,174,2,348
560,213,2023-10-23,Italy,Sports,333,3,999
561,207,2023-02-08,Netherlands,Home,334,1,334
562,233,2023-12-22,Italy,Home,489,3,1467
563,235,2023-10-25,Spain,Electronics,11,1,11
564,220,2023-10-01,France,Sports,213,2,426
565,173,2023-05-18,Netherlands,Beauty,175,3,525
566,176,2023-03-08,Germany,Electronics,299,4,1196
567,9,2023-02-20,Germany,Clothing,330,4,1320
568,220,2023-08-14,France,Clothing,243,1,243
569,141,2023-11-29,Germany,Home,164,2,328
570,85,2023-05-09,Germany,Sports,52,3,156
571,220,2023-11-17,Germany,Electronics,166,2,332
572,40,2023-01-01,France,Beauty,119,4,476
573,5,2023-04-26,Germany,Home,275,4,1100
574,68,2023-03-03,Italy,Electronics,450,4,1800
575,53,2023-04-28,Germany,Home,206,1,206
576,71,2023-07-08,Italy,Clothing,461,3,1383
577,36,2023-11-25,Netherlands,Beauty,356,2,712
578,226,2023-01-05,Spain,Clothing,322,2,644
579,211,2023-11-18,Netherlands,Sports,393,2,786
580,72,2023-04-22,Germany,Beauty,54,1,54
581,162,2023-07-16,France,Clothing,189,4,756
582,128,2023-05-22,Netherlands,Beauty,340,1,340
583,146,2023-11-04,Germany,Home,379,5,1895
584,261,2023-04-16,France,Sports,275,5,1375
585,123,2023-06-01,Italy,Sports,340,1,340
586,37,2023-02-27,Netherlands,Electronics,133,4,532
587,68,2023-07-04,Italy,Beauty,488,3,1464
588,89,2023-08-04,Italy,Electronics,197,5,985
589,8,2023-01-09,Spain,Clothing,310,1,310
590,204,2023-01-21,Netherlands,Home,482,1,482
591,213,2023-11-18,Italy,Sports,374,5,1870
592,276,2023-02-12,Netherlands,Clothing,337,5,1685
593,41,2023-05-23,Netherlands,Clothing,52,3,156
594,201,2023-03-21,Netherlands,Electronics,284,3,852
595,123,2023-06-08,Germany,Clothing,367,4,1468
596,60,2023-02-14,Italy,Beauty,483,4,1932
597,90,2023-11-08,Germany,Electronics,38,3,114
598,84,2023-12-29,Italy,Home,80,1,80
599,86,2023-09-25,Spain,Clothing,274,3,822
600,16,2023-05-18,Spain,Sports,385,1,385
601,135,2023-05-20,Netherlands,Electronics,278,1,278
602,185,2023-09-12,Germany,Sports,243,5,1215
603,81,2023-10-18,Spain,Electronics,95,3,285
604,117,2023-10-21,Netherlands,Electronics,355,1,355
605,126,2023-01-23,Germany,Sports,449,1,449
606,92,2023-07-06,Germany,Beauty,206,2,412
607,165,2023-12-02,France,Sports,224,2,448
608,293,2023-06-13,Spain,Electronics,148,1,148
609,92,2023-09-15,France,Beauty,354,1,354
610,36,2023-01-24,Italy,Home,498,4,1992
611,284,2023-06-09,Italy,Electronics,177,1,177
612,289,2023-07-08,Spain,Beauty,112,3,336
613,253,2023-05-05,France,Beauty,247,3,741
614,210,2023-05-06,Germany,Clothing,87,1,87
615,172,2023-10-05,Germany,Sports,187,1,187
616,272,2023-06-07,France,Sports,63,2,126
617,144,2023-09-09,Germany,Electronics,40,2,80
618,212,2023-04-29,Spain,Sports,469,5,2345
619,259,2023-02-13,France,Sports,307,1,307
620,32,2023-02-08,Italy,Clothing,313,5,1565
621,162,2023-05-02,Italy,Home,159,3,477
622,120,2023-06-12,Germany,Clothing,241,3,723
623,56,2023-03-11,France,Electronics,409,5,2045
624,161,2023-03-26,Italy,Electronics,240,4,960
625,232,2023-10-02,Spain,Sports,193,2,386
626,47,2023-05-16,France,Home,446,1,446
627,21,2023-12-27,France,Home,366,5,1830
628,183,2023-03-17,Italy,Beauty,56,2,112
629,134,2023-01-26,France,Electronics,356,3,1068
630,285,2023-07-27,Netherlands,Clothing,447,4,1788
631,72,2023-02-18,Germany,Electronics,246,1,246
632,67,2023-02-01,France,Sports,435,2,870
633,299,2023-07-10,Netherlands,Home,361,1,361
634,102,2023-02-08,Italy,Clothing,21,1,21
635,63,2023-02-17,Germany,Sports,473,3,1419
636,222,2023-01-26,Italy,Sports,96,5,480
637,89,2023-01-16,Spain,Clothing,205,4,820
638,229,2023-04-06,France,Electronics,150,3,450
639,126,2023-11-11,Spain,Sports,327,5,1635
640,246,2023-07-30,Germany,Electronics,461,5,2305
641,215,2023-05-24,France,Beauty,206,2,412
642,10,2023-05-08,Italy,Home,332,5,1660
643,177,2023-09-03,Netherlands,Beauty,288,4,1152
644,93,2023-06-14,Germany,Home,208,3,624
645,144,2023-11-02,Germany,Sports,122,1,122
646,120,2023-09-29,France,Electronics,193,5,965
647,137,2023-05-07,Netherlands,Electronics,346,2,692
648,182,2023-04-23,France,Clothing,304,4,1216
649,184,2023-05-02,Netherlands,Electronics,313,3,939
650,291,2023-12-27,Netherlands,Clothing,368,3,1104
651,253,2023-10-16,Netherlands,Home,495,2,990
652,47,2023-03-31,Germany,Clothing,261,1,261
653,270,2023-11-05,Italy,Electronics,122,1,122
654,104,2023-06-19,France,Home,479,5,2395
655,31,2023-04-01,Germany,Clothing,480,3,1440
656,57,2023-10-28,Netherlands,Home,370,2,740
657,52,2023-02-07,Spain,Home,201,4,804
658,224,2023-06-15,Italy,Home,79,2,158
659,183,2023-03-31,France,Beauty,372,5,1860
660,151,2023-03-31,France,Clothing,203,3,609
661,201,2023-01-01,Netherlands,Electronics,495,5,2475
662,114,2023-04-04,Netherlands,Electronics,318,3,954
663,40,2023-09-12,France,Home,82,3,246
664,172,2023-06-13,Italy,Electronics,95,1,95
665,35,2023-05-16,Spain,Home,117,2,234
666,25,2023-02-25,Italy,Sports,378,1,378
667,253,2023-08-03,Italy,Home,95,4,380
668,246,2023-10-07,Netherlands,Clothing,202,1,202
669,18,2023-03-25,Spain,Electronics,241,1,241
670,38,2023-06-13,Spain,Clothing,143,1,143
671,281,2023-07-12,Germany,Home,92,1,92
672,16,2023-11-01,Italy,Clothing,324,4,1296
673,81,2023-11-07,Germany,Electronics,465,4,1860
674,210,2023-06-19,Netherlands,Beauty,115,2,230
675,153,2023-05-16,France,Electronics,348,3,1044
676,282,2023-01-26,Italy,Clothing,211,5,1055
677,219,2023-01-28,Germany,Home,194,1,194
678,246,2023-12-05,France,Electronics,330,5,1650
679,150,2023-01-14,Germany,Sports,115,2,230
680,242,2023-03-01,Italy,Home,167,4,668
681,199,2023-02-16,France,Home,338,5,1690
682,229,2023-07-15,Germany,Home,199,2,398
683,116,2023-08-14,Spain,Beauty,248,3,744
684,44,2023-02-01,Spain,Beauty,87,1,87
685,117,2023-07-31,Netherlands,Electronics,397,5,1985
686,215,2023-07-18,Netherlands,Sports,429,5,2145
687,244,2023-10-21,Spain,Electronics,461,2,922
688,258,2023-07-22,Netherlands,Beauty,472,1,472
689,76,2023-10-20,Germany,Sports,356,5,1780
690,109,2023-03-30,France,Clothing,495,2,990
691,223,2023-01-22,France,Clothing,226,1,226
692,35,2023-11-01,Germany,Sports,142,3,426
693,167,2023-10-12,Spain,Beauty,213,5,1065
694,268,2023-08-23,Italy,Electronics,479,1,479
695,291,2023-08-01,Netherlands,Beauty,86,2,172
696,289,2023-02-21,Germany,Home,483,1,483
697,211,2023-10-02,Spain,Sports,460,3,1380
698,243,2023-12-02,Germany,Clothing,258,5,1290
699,206,2023-05-22,Germany,Sports,216,2,432
700,26,2023-06-19,Italy,Home,363,2,726
701,156,2023-07-10,Spain,Home,20,3,60
702,117,2023-09-09,France,Home,449,1,449
703,138,2023-08-15,Italy,Beauty,406,3,1218
704,227,2023-11-27,France,Sports,55,2,110
705,192,2023-09-06,Germany,Beauty,398,5,1990
706,260,2023-03-23,Italy,Clothing,43,3,129
707,15,2023-09-26,France,Clothing,460,5,2300
708,128,2023-04-13,Germany,Sports,438,1,438
709,102,2023-01-26,Spain,Home,480,3,1440
710,64,2023-08-26,Germany,Clothing,268,4,1072
711,229,2023-07-10,France,Sports,260,5,1300
712,177,2023-10-28,France,Home,292,3,876
713,15,2023-12-19,Italy,Electronics,56,3,168
714,110,2023-03-25,France,Clothing,447,5,2235
715,210,2023-12-13,Netherlands,Electronics,115,3,345
716,68,2023-12-16,France,Beauty,14,4,56
717,157,2023-01-05,Spain,Sports,124,3,372
718,236,2023-07-12,Spain,Clothing,446,3,1338
719,204,2023-08-27,Netherlands,Electronics,164,5,820
720,288,2023-01-04,Netherlands,Beauty,271,3,813
721,247,2023-05-25,Germany,Home,162,1,162
722,142,2023-05-22,Spain,Home,337,3,1011
723,124,2023-04-07,Germany,Beauty,86,5,430
724,72,2023-07-26,Germany,Sports,348,3,1044
725,208,2023-06-01,Italy,Electronics,142,4,568
726,98,2023-10-26,Spain,Clothing,372,5,1860
727,184,2023-12-18,Netherlands,Home,283,4,1132
728,93,2023-03-29,Spain,Electronics,440,5,2200
729,287,2023-08-30,France,Home,75,3,225
730,182,2023-12-02,France,Home,55,2,110
731,191,2023-08-04,Spain,Beauty,413,3,1239
732,241,2023-05-31,Germany,Beauty,247,1,247
733,37,2023-10-25,Italy,Clothing,493,5,2465
734,272,2023-09-14,Spain,Sports,71,4,284
735,71,2023-01-28,France,Home,455,2,910
736,74,2023-07-29,Spain,Clothing,301,4,1204
737,91,2023-02-11,Spain,Electronics,259,3,777
738,108,2023-01-03,France,Beauty,241,3,723
739,67,2023-03-23,Netherlands,Sports,260,1,260
740,220,2023-11-21,Italy,Sports,229,4,916
741,103,2023-01-03,Spain,Electronics,29,5,145
742,98,2023-06-14,Germany,Electronics,397,5,1985
743,116,2023-11-17,Spain,Home,385,2,770
744,258,2023-03-08,Netherlands,Home,62,4,248
745,153,2023-03-27,Spain,Sports,43,1,43
746,173,2023-09-24,Italy,Clothing,315,5,1575
747,184,2023-06-25,France,Clothing,471,4,1884
748,115,2023-07-26,France,Clothing,19,2,38
749,87,2023-01-12,Germany,Home,311,5,1555
750,193,2023-12-31,Spain,Beauty,343,1,343
751,25,2023-11-16,Germany,Electronics,34,5,170
752,214,2023-01-25,Italy,Sports,363,1,363
753,243,2023-03-05,France,Clothing,290,3,870
754,155,2023-12-22,Italy,Electronics,361,1,361
755,71,2023-12-06,Italy,Electronics,276,3,828
756,61,2023-09-19,Spain,Electronics,378,5,1890
757,103,2023-02-24,Spain,Beauty,264,2,528
758,152,2023-04-14,France,Electronics,193,4,772
759,247,2023-10-08,Spain,Clothing,264,2,528
760,57,2023-01-02,Netherlands,Sports,16,1,16
761,262,2023-03-18,Germany,Electronics,496,1,496
762,234,2023-05-12,Spain,Home,339,2,678
763,90,2023-08-26,Germany,Home,35,1,35
764,219,2023-07-04,Germany,Electronics,420,3,1260
765,88,2023-01-24,Spain,Home,14,2,28
766,138,2023-08-13,Germany,Home,499,5,2495
767,206,2023-06-25,Italy,Sports,103,1,103
768,245,2023-05-20,Italy,Clothing,437,4,1748
769,82,2023-02-27,Germany,Sports,77,1,77
770,225,2023-10-30,France,Beauty,257,5,1285
771,15,2023-07-14,France,Sports,408,3,1224
772,226,2023-09-07,Germany,Electronics,67,4,268
773,7,2023-05-14,Netherlands,Beauty,345,3,1035
774,266,2023-10-17,Netherlands,Beauty,124,3,372
775,247,2023-02-18,Spain,Sports,231,2,462
776,28,2023-03-18,Germany,Clothing,439,5,2195
777,254,2023-09-16,France,Electronics,444,4,1776
778,170,2023-09-09,Spain,Electronics,174,2,348
779,194,2023-09-17,Italy,Clothing,124,5,620
780,294,2023-02-10,Italy,Electronics,245,4,980
781,61,2023-09-13,Italy,Electronics,238,3,714
782,19,2023-02-22,Netherlands,Beauty,216,4,864
783,156,2023-01-01,Netherlands,Beauty,432,1,432
784,175,2023-04-16,Spain,Electronics,345,4,1380
785,170,2023-04-25,Netherlands,Beauty,442,4,1768
786,232,2023-11-04,Germany,Electronics,252,3,756
787,175,2023-12-04,Spain,Home,123,1,123
788,55,2023-10-08,Germany,Clothing,277,3,831
789,55,2023-09-10,Spain,Beauty,81,4,324
790,202,2023-04-11,France,Sports,106,1,106
791,56,2023-04-08,Italy,Electronics,376,3,1128
792,64,2023-11-21,Italy,Sports,438,5,2190
793,69,2023-12-04,Italy,Electronics,311,5,1555
794,284,2023-09-29,Italy,Beauty,386,1,386
795,91,2023-09-05,Netherlands,Clothing,483,5,2415
796,165,2023-03-07,Netherlands,Sports,63,4,252
797,141,2023-08-03,Italy,Home,321,2,642
798,71,2023-05-31,Italy,Beauty,241,2,482
799,154,2023-12-25,Netherlands,Home,463,5,2315
800,112,2023-12-31,France,Clothing,387,5,1935
801,177,2023-11-16,France,Clothing,375,3,1125
802,60,2023-09-15,Spain,Beauty,287,3,861
803,214,2023-09-03,Netherlands,Home,308,5,1540
804,268,2023-08-05,Germany,Electronics,423,1,423
805,29,2023-07-15,France,Home,84,1,84
806,75,2023-03-24,Germany,Home,156,3,468
807,17,2023-04-15,Spain,Sports,395,5,1975
808,115,2023-02-22,Netherlands,Sports,325,5,1625
809,25,2023-05-02,Italy,Sports,271,3,813
810,283,2023-08-02,Germany,Electronics,499,3,1497
811,227,2023-05-09,France,Home,113,5,565
812,101,2023-10-29,France,Home,289,5,1445
813,96,2023-08-18,France,Beauty,100,1,100
814,220,2023-03-03,Spain,Beauty,203,1,203
815,300,2023-05-16,Spain,Electronics,76,2,152
816,21,2023-06-19,France,Home,248,2,496
817,155,2023-11-02,Italy,Beauty,36,5,180
818,163,2023-10-09,Netherlands,Clothing,193,1,193
819,259,2023-04-05,France,Sports,276,1,276
820,48,2023-10-06,Spain,Clothing,284,4,1136
821,170,2023-04-20,Spain,Home,349,3,1047
822,272,2023-04-22,Italy,Beauty,496,5,2480
823,178,2023-11-29,Italy,Clothing,14,1,14
824,125,2023-11-25,Germany,Home,324,5,1620
825,198,2023-07-15,Spain,Beauty,478,1,478
826,192,2023-05-25,Netherlands,Beauty,22,5,110
827,152,2023-08-17,France,Home,259,1,259
828,86,2023-09-21,Netherlands,Beauty,52,1,52
829,108,2023-01-04,France,Sports,330,1,330
830,223,2023-02-23,Germany,Clothing,115,5,575
831,20,2023-01-13,Germany,Electronics,245,3,735
832,286,2023-01-28,Germany,Beauty,101,3,303
833,209,2023-04-27,Italy,Sports,476,3,1428
834,162,2023-11-19,Germany,Sports,217,4,868
835,4,2023-12-11,Netherlands,Electronics,70,5,350
836,184,2023-10-27,Netherlands,Electronics,33,1,33
837,45,2023-05-29,Spain,Sports,412,3,1236
838,243,2023-07-15,France,Beauty,212,1,212
839,280,2023-04-23,Spain,Clothing,79,4,316
840,6,2023-06-02,Netherlands,Beauty,356,3,1068
841,3,2023-03-14,Netherlands,Beauty,73,1,73
842,44,2023-07-21,Spain,Clothing,285,5,1425
843,263,2023-06-26,France,Clothing,118,4,472
844,130,2023-04-05,France,Electronics,123,5,615
845,28,2023-04-03,Netherlands,Sports,353,5,1765
846,149,2023-11-27,Germany,Home,291,1,291
847,250,2023-02-20,Spain,Home,111,5,555
848,52,2023-03-07,Spain,Beauty,353,2,706
849,163,2023-02-05,Italy,Sports,470,2,940
850,300,2023-06-18,France,Beauty,325,3,975
851,220,2023-10-18,France,Electronics,196,3,588
852,224,2023-06-10,Spain,Home,136,2,272
853,246,2023-03-10,Italy,Sports,357,3,1071
854,250,2023-07-03,Netherlands,Electronics,406,3,1218
855,42,2023-03-31,Spain,Clothing,340,5,1700
856,40,2023-10-03,Germany,Electronics,110,3,330
857,298,2023-09-17,Netherlands,Sports,333,1,333
858,283,2023-10-30,Spain,Beauty,118,1,118
859,188,2023-10-04,Italy,Clothing,251,2,502
860,69,2023-10-29,Italy,Beauty,385,3,1155
861,187,2023-09-19,Netherlands,Electronics,56,4,224
862,85,2023-12-06,Netherlands,Clothing,132,5,660
863,290,2023-08-17,Netherlands,Clothing,91,2,182
864,21,2023-09-05,France,Sports,490,3,1470
865,190,2023-04-29,France,Electronics,42,3,126
866,185,2023-12-09,Italy,Sports,115,5,575
867,21,2023-08-21,Spain,Electronics,461,1,461
868,135,2023-12-27,Netherlands,Beauty,276,3,828
869,194,2023-10-19,Spain,Beauty,99,4,396
870,265,2023-12-01,Spain,Sports,469,1,469
871,181,2023-04-25,Spain,Sports,274,4,1096
872,4,2023-09-04,Netherlands,Clothing,464,5,2320
873,40,2023-08-14,Netherlands,Home,94,2,188
874,81,2023-04-19,Spain,Beauty,86,2,172
875,213,2023-03-02,Spain,Electronics,348,2,696
876,246,2023-09-04,France,Beauty,355,4,1420
877,12,2023-03-24,France,Electronics,341,4,1364
878,83,2023-03-07,France,Beauty,303,5,1515
879,76,2023-01-21,Germany,Clothing,466,5,2330
880,265,2023-05-13,Italy,Beauty,482,2,964
881,146,2023-10-16,Germany,Clothing,336,1,336
882,247,2023-08-18,France,Clothing,320,4,1280
883,299,2023-07-30,France,Beauty,317,2,634
884,86,2023-12-04,Spain,Sports,271,3,813
885,118,2023-11-02,Italy,Sports,312,1,312
886,104,2023-03-09,Netherlands,Beauty,65,1,65
887,50,2023-12-17,France,Sports,224,2,448
888,273,2023-11-11,Netherlands,Electronics,317,1,317
889,277,2023-02-17,Germany,Sports,256,2,512
890,23,2023-09-25,Netherlands,Sports,225,3,675
891,196,2023-04-28,Spain,Beauty,490,4,1960
892,218,2023-12-23,France,Home,304,1,304
893,43,2023-09-02,Spain,Beauty,402,2,804
894,97,2023-10-06,Germany,Electronics,219,3,657
895,267,2023-10-23,Germany,Sports,277,1,277
896,210,2023-12-02,Spain,Electronics,115,3,345
897,130,2023-03-21,Spain,Beauty,228,5,1140
898,142,2023-08-05,Italy,Clothing,299,3,897
899,248,2023-07-31,France,Home,292,5,1460
900,130,2023-10-14,Spain,Beauty,294,4,1176
901,71,2023-06-26,Germany,Clothing,406,4,1624
902,52,2023-08-17,France,Beauty,410,2,820
903,282,2023-07-25,Netherlands,Electronics,412,3,1236
904,47,2023-03-24,France,Sports,209,1,209
905,33,2023-11-04,Spain,Clothing,232,1,232
906,20,2023-07-09,Italy,Sports,50,5,250
907,147,2023-11-11,Netherlands,Electronics,345,5,1725
908,225,2023-03-31,Germany,Clothing,337,4,1348
909,147,2023-12-03,France,Electronics,486,5,2430
910,119,2023-11-03,Netherlands,Clothing,271,5,1355
911,123,2023-12-12,Germany,Clothing,28,3,84
912,181,2023-02-14,Italy,Sports,151,4,604
913,8,2023-10-28,Germany,Electronics,112,5,560
914,299,2023-10-09,Spain,Home,155,5,775
915,100,2023-05-22,Italy,Sports,125,5,625
916,90,2023-10-22,Italy,Beauty,12,3,36
917,258,2023-02-24,Spain,Home,296,1,296
918,132,2023-03-01,Netherlands,Beauty,421,5,2105
919,194,2023-05-09,Netherlands,Sports,365,4,1460
920,235,2023-05-05,Italy,Beauty,397,3,1191
921,133,2023-01-15,Germany,Sports,256,1,256
922,118,2023-11-21,Spain,Sports,413,2,826
923,5,2023-06-30,Spain,Clothing,274,5,1370
924,176,2023-05-28,Germany,Beauty,57,4,228
925,182,2023-04-02,France,Beauty,253,3,759
926,256,2023-05-18,France,Clothing,103,2,206
927,106,2023-05-04,France,Clothing,456,3,1368
928,183,2023-05-08,France,Electronics,438,5,2190
929,253,2023-03-03,Netherlands,Electronics,481,1,481
930,247,2023-10-05,Spain,Beauty,500,1,500
931,141,2023-06-11,Italy,Clothing,262,5,1310
932,114,2023-09-19,Netherlands,Clothing,153,4,612
933,245,2023-01-28,Netherlands,Electronics,279,4,1116
934,90,2023-09-15,Italy,Electronics,187,4,748
935,162,2023-12-24,Germany,Electronics,275,4,1100
936,298,2023-12-12,Germany,Home,117,4,468
937,96,2023-07-05,Netherlands,Home,323,3,969
938,176,2023-05-02,Spain,Clothing,147,4,588
939,215,2023-09-13,Spain,Home,227,2,454
940,93,2023-07-25,Netherlands,Clothing,153,4,612
941,52,2023-10-22,Spain,Clothing,361,2,722
942,101,2023-10-12,France,Clothing,231,4,924
943,91,2023-08-31,Italy,Sports,422,1,422
944,274,2023-03-10,Spain,Sports,467,5,2335
945,291,2023-06-03,Germany,Sports,138,5,690
946,31,2023-02-20,France,Home,363,2,726
947,231,2023-09-01,Spain,Home,439,1,439
948,286,2023-07-04,Spain,Home,194,5,970
949,180,2023-01-11,Netherlands,Clothing,220,1,220
950,90,2023-10-23,Spain,Home,304,5,1520
951,250,2023-06-16,Italy,Electronics,354,5,1770
952,238,2023-07-15,France,Clothing,324,3,972
953,216,2023-11-24,Netherlands,Beauty,423,3,1269
954,41,2023-07-27,France,Home,444,1,444
955,150,2023-04-27,Spain,Beauty,170,3,510
956,228,2023-11-27,Spain,Beauty,212,3,636
957,86,2023-09-24,France,Electronics,240,4,960
958,129,2023-03-06,Germany,Clothing,382,2,764
959,49,2023-03-27,Germany,Sports,213,1,213
960,204,2023-10-08,Netherlands,Electronics,37,1,37
961,80,2023-02-23,Germany,Sports,144,5,720
962,146,2023-06-08,Italy,Clothing,127,2,254
963,15,2023-03-09,Germany,Home,279,2,558
964,240,2023-06-16,Netherlands,Home,452,4,1808
965,277,2023-10-08,France,Beauty,237,2,474
966,223,2023-11-02,Netherlands,Beauty,243,5,1215
967,247,2023-06-08,Netherlands,Clothing,475,3,1425
968,188,2023-02-15,Italy,Home,236,3,708
969,1,2023-03-21,Netherlands,Clothing,165,1,165
970,274,2023-06-26,Germany,Sports,156,4,624
971,221,2023-09-02,Spain,Beauty,163,1,163
972,281,2023-04-29,Spain,Clothing,417,1,417
973,224,2023-07-30,Italy,Clothing,461,5,2305
974,194,2023-03-25,France,Home,376,4,1504
975,265,2023-02-10,Netherlands,Home,226,2,452
976,138,2023-05-26,Italy,Clothing,342,5,1710
977,149,2023-02-05,Germany,Sports,103,2,206
978,252,2023-11-13,France,Home,241,3,723
979,274,2023-01-10,Germany,Clothing,87,1,87
980,65,2023-02-22,Italy,Electronics,154,3,462
981,8,2023-04-30,Italy,Clothing,56,2,112
982,256,2023-06-25,Spain,Sports,225,3,675
983,170,2023-12-23,Germany,Clothing,415,1,415
984,37,2023-01-29,Netherlands,Sports,146,4,584
985,196,2023-04-03,Germany,Electronics,108,3,324
986,127,2023-05-08,Germany,Clothing,207,4,828
987,267,2023-08-24,France,Sports,386,1,386
988,166,2023-07-19,France,Electronics,358,3,1074
989,130,2023-10-09,Italy,Home,276,1,276
990,112,2023-04-12,Germany,Clothing,194,1,194
991,8,2023-11-21,France,Home,232,3,696
992,125,2023-10-27,Germany,Electronics,71,4,284
993,80,2023-10-25,Spain,Electronics,411,4,1644
994,47,2023-05-08,Netherlands,Home,90,4,360
995,183,2023-11-17,France,Beauty,40,1,40
996,120,2023-02-24,Spain,Beauty,74,4,296
997,225,2023-11-27,France,Electronics,397,3,1191
998,69,2023-12-19,Spain,Electronics,203,3,609
999,287,2023-09-06,Spain,Beauty,371,4,1484
1000,291,2023-12-23,France,Beauty,260,2,520
1001,141,2023-06-28,Netherlands,Beauty,175,4,700
1002,80,2023-03-24,Italy,Home,45,5,225
1003,233,2023-05-15,Germany,Beauty,287,3,861
1004,10,2023-07-14,Netherlands,Home,385,2,770
1005,33,2023-11-14,Netherlands,Sports,132,3,396
1006,283,2023-04-08,France,Beauty,278,4,1112
1007,165,2023-05-25,Germany,Electronics,175,4,700
1008,23,2023-09-25,France,Clothing,347,1,347
1009,249,2023-01-17,France,Electronics,113,1,113
1010,251,2023-01-17,Netherlands,Beauty,302,4,1208
1011,26,2023-12-26,Spain,Clothing,312,3,936
1012,7,2023-11-07,France,Sports,377,1,377
1013,185,2023-02-10,Netherlands,Sports,249,1,249
1014,137,2023-07-08,Netherlands,Electronics,416,1,416
1015,40,2023-02-06,France,Beauty,437,3,1311
1016,273,2023-02-19,Italy,Clothing,61,2,122
1017,292,2023-04-09,France,Beauty,279,2,558
1018,296,2023-10-13,Spain,Sports,222,1,222
1019,54,2023-12-26,France,Clothing,350,4,1400
1020,173,2023-10-09,France,Beauty,215,5,1075
1021,162,2023-11-04,Netherlands,Home,236,3,708
1022,166,2023-07-10,Netherlands,Clothing,221,4,884
1023,193,2023-10-16,Netherlands,Home,289,2,578
1024,204,2023-07-04,Germany,Electronics,241,4,964
1025,266,2023-05-26,France,Home,315,1,315
1026,110,2023-01-04,Spain,Electronics,163,2,326
1027,284,2023-12-20,Netherlands,Beauty,431,3,1293
1028,80,2023-10-20,Germany,Electronics,484,5,2420
1029,71,2023-08-24,Spain,Home,192,2,384
1030,132,2023-10-26,Spain,Electronics,137,2,274
1031,112,2023-10-20,Germany,Home,214,5,1070
1032,296,2023-09-05,Germany,Beauty,98,4,392
1033,296,2023-11-25,Italy,Electronics,163,1,163
1034,179,2023-01-29,Italy,Sports,481,3,1443
1035,6,2023-03-03,Italy,Electronics,455,2,910
1036,164,2023-06-06,Netherlands,Beauty,278,1,278
1037,114,2023-03-18,France,Electronics,177,5,885
1038,229,2023-12-11,Netherlands,Beauty,384,4,1536
1039,222,2023-09-16,Spain,Sports,56,2,112
1040,43,2023-03-17,Italy,Beauty,77,3,231
1041,135,2023-01-26,Germany,Sports,290,4,1160
1042,70,2023-09-14,Italy,Beauty,232,2,464
1043,293,2023-04-12,France,Beauty,259,4,1036
1044,127,2023-11-12,France,Electronics,386,5,1930
1045,166,2023-05-17,Netherlands,Electronics,407,4,1628
1046,217,2023-02-27,Spain,Home,353,4,1412
1047,13,2023-04-08,Spain,Clothing,174,3,522
1048,75,2023-06-29,Italy,Electronics,325,4,1300
1049,80,2023-04-30,Germany,Electronics,112,3,336
1050,76,2023-01-28,Spain,Electronics,134,5,670
1051,157,2023-06-25,Italy,Sports,365,1,365
1052,276,2023-01-12,France,Clothing,179,2,358
1053,281,2023-10-07,Italy,Beauty,277,3,831
1054,193,2023-03-14,Netherlands,Beauty,365,1,365
1055,31,2023-01-23,Spain,Clothing,140,2,280
1056,28,2023-12-23,Italy,Electronics,326,3,978
1057,185,2023-02-04,Germany,Electronics,208,3,624
1058,119,2023-05-30,Italy,Beauty,454,4,1816
1059,249,2023-12-30,Netherlands,Beauty,60,3,180
1060,257,2023-02-15,Italy,Beauty,105,2,210
1061,127,2023-12-31,Netherlands,Home,21,1,21
1062,81,2023-06-20,Germany,Home,260,4,1040
1063,155,2023-12-17,France,Beauty,190,3,570
1064,132,2023-05-22,Italy,Electronics,425,1,425
1065,116,2023-10-12,France,Home,495,3,1485
1066,45,2023-07-21,Italy,Beauty,346,2,692
1067,214,2023-12-14,France,Beauty,323,2,646
1068,169,2023-03-20,Italy,Beauty,228,3,684
1069,298,2023-03-09,Netherlands,Clothing,115,2,230
1070,70,2023-03-12,Italy,Clothing,168,5,840
1071,81,2023-12-02,Spain,Electronics,487,5,2435
1072,95,2023-10-13,Spain,Clothing,282,1,282
1073,212,2023-01-16,Italy,Home,401,3,1203
1074,78,2023-08-15,France,Electronics,391,3,1173
1075,137,2023-03-09,Netherlands,Beauty,104,1,104
1076,119,2023-11-10,France,Electronics,128,5,640
1077,69,2023-07-03,Netherlands,Beauty,50,4,200
1078,95,2023-08-29,Italy,Sports,374,3,1122
1079,99,2023-08-31,France,Electronics,80,2,160
1080,139,2023-07-29,Italy,Clothing,401,1,401
1081,34,2023-12-10,France,Sports,113,2,226
1082,235,2023-11-12,France,Sports,260,3,780
1083,195,2023-07-27,Spain,Sports,407,1,407
1084,275,2023-11-10,Netherlands,Electronics,490,5,2450
1085,234,2023-09-24,Germany,Clothing,65,4,260
1086,21,2023-09-23,Netherlands,Sports,285,4,1140
1087,98,2023-09-22,Spain,Sports,401,1,401
1088,147,2023-07-23,Italy,Clothing,462,3,1386
1089,28,2023-08-05,Netherlands,Clothing,160,5,800
1090,47,2023-08-26,Netherlands,Electronics,434,4,1736
1091,280,2023-04-03,France,Sports,408,5,2040
1092,13,2023-07-31,France,Sports,175,4,700
1093,233,2023-10-30,Germany,Home,469,2,938
1094,64,2023-06-15,Germany,Electronics,364,2,728
1095,44,2023-12-28,Netherlands,Sports,240,3,720
1096,194,2023-09-19,Netherlands,Sports,323,2,646
1097,172,2023-01-23,Netherlands,Clothing,403,2,806
1098,92,2023-03-25,Germany,Sports,454,2,908
1099,148,2023-06-07,France,Electronics,168,4,672
1100,130,2023-03-09,Germany,Sports,113,1,113
1101,279,2023-09-12,Germany,Beauty,447,4,1788
1102,244,2023-09-10,Italy,Sports,131,2,262
1103,4,2023-08-15,France,Beauty,50,5,250
1104,107,2023-05-23,Germany,Clothing,327,5,1635
1105,19,2023-03-17,France,Electronics,38,3,114
1106,153,2023-12-08,Spain,Electronics,305,5,1525
1107,92,2023-01-26,France,Home,65,4,260
1108,294,2023-11-09,Netherlands,Clothing,348,5,1740
1109,185,2023-08-22,Germany,Electronics,393,5,1965
1110,195,2023-06-03,Germany,Sports,175,3,525
1111,242,2023-10-09,France,Electronics,43,3,129
1112,169,2023-12-22,Netherlands,Sports,450,3,1350
1113,30,2023-09-26,Germany,Beauty,117,2,234
1114,248,2023-11-19,Netherlands,Home,280,1,280
1115,133,2023-08-07,Netherlands,Beauty,321,3,963
1116,289,2023-11-16,Italy,Beauty,191,2,382
1117,93,2023-11-20,Netherlands,Clothing,264,4,1056
1118,1,2023-12-29,Germany,Electronics,158,2,316
1119,107,2023-08-27,Netherlands,Sports,330,1,330
1120,180,2023-07-31,Netherlands,Clothing,33,3,99
1121,145,2023-01-06,Spain,Electronics,337,2,674
1122,282,2023-06-07,Spain,Electronics,163,5,815
1123,175,2023-02-28,Italy,Beauty,361,3,1083
1124,100,2023-11-12,Spain,Home,24,2,48
1125,19,2023-12-11,France,Sports,255,4,1020
1126,275,2023-03-21,Spain,Sports,331,4,1324
1127,267,2023-07-31,Spain,Beauty,485,1,485
1128,275,2023-12-14,Germany,Clothing,171,5,855
1129,182,2023-10-23,Germany,Clothing,360,3,1080
1130,174,2023-05-24,Italy,Beauty,440,1,440
1131,200,2023-03-26,France,Beauty,302,5,1510
1132,162,2023-03-01,Germany,Home,452,3,1356
1133,122,2023-07-31,Spain,Sports,54,4,216
1134,155,2023-06-04,France,Electronics,120,5,600
1135,104,2023-07-11,Germany,Sports,411,1,411
1136,257,2023-09-17,France,Clothing,22,4,88
1137,269,2023-06-24,Spain,Home,482,4,1928
1138,265,2023-03-15,France,Clothing,403,1,403
1139,268,2023-01-19,Germany,Electronics,245,4,980
1140,45,2023-06-09,Spain,Sports,487,1,487
1141,160,2023-01-24,Germany,Beauty,62,5,310
1142,165,2023-06-09,France,Clothing,337,2,674
1143,164,2023-05-27,Italy,Electronics,151,5,755
1144,141,2023-05-20,Germany,Electronics,86,2,172
1145,53,2023-11-15,France,Beauty,296,5,1480
1146,139,2023-06-29,France,Home,291,3,873
1147,37,2023-10-21,Spain,Beauty,135,2,270
1148,26,2023-06-23,France,Electronics,286,4,1144
1149,55,2023-08-30,Italy,Electronics,472,1,472
1150,92,2023-02-14,Netherlands,Beauty,228,4,912
1151,183,2023-11-19,Spain,Home,438,4,1752
1152,41,2023-04-12,Italy,Beauty,375,5,1875
1153,50,2023-03-09,Italy,Home,57,4,228
1154,241,2023-12-17,France,Clothing,339,4,1356
1155,133,2023-03-15,Spain,Sports,450,5,2250
1156,167,2023-04-04,Italy,Sports,368,3,1104
1157,58,2023-01-16,Spain,Sports,43,4,172
1158,145,2023-08-25,Spain,Beauty,443,2,886
1159,53,2023-10-22,Italy,Electronics,75,5,375
1160,155,2023-06-16,Netherlands,Sports,294,1,294
1161,123,2023-07-25,Netherlands,Clothing,312,4,1248
1162,197,2023-10-08,Germany,Home,91,4,364
1163,221,2023-04-17,Italy,Beauty,426,5,2130
1164,89,2023-06-25,Germany,Beauty,288,2,576
1165,238,2023-09-07,Spain,Beauty,68,5,340
1166,91,2023-02-19,Spain,Sports,430,4,1720
1167,195,2023-02-05,Spain,Sports,316,1,316
1168,47,2023-11-27,France,Clothing,348,1,348
1169,76,2023-10-25,France,Sports,472,1,472
1170,296,2023-09-30,Italy,Clothing,159,4,636
1171,154,2023-04-16,Netherlands,Home,358,3,1074
1172,46,2023-08-11,Netherlands,Electronics,377,3,1131
1173,66,2023-11-10,Spain,Electronics,271,4,1084
1174,28,2023-07-09,Germany,Beauty,471,5,2355
1175,16,2023-07-03,France,Sports,66,3,198
1176,163,2023-12-26,Italy,Sports,312,4,1248
1177,109,2023-07-15,France,Sports,232,5,1160
1178,197,2023-03-13,Spain,Sports,106,5,530
1179,69,2023-03-20,Germany,Electronics,157,2,314
1180,250,2023-11-28,Italy,Clothing,18,2,36
1181,234,2023-02-13,Netherlands,Sports,80,4,320
1182,261,2023-11-16,Italy,Beauty,102,4,408
1183,116,2023-08-19,France,Sports,206,3,618
1184,256,2023-11-06,France,Beauty,13,5,65
1185,296,2023-05-18,Spain,Electronics,220,5,1100
1186,189,2023-01-20,Germany,Beauty,300,4,1200
1187,73,2023-09-04,Netherlands,Home,363,1,363
1188,268,2023-08-27,Netherlands,Electronics,274,1,274
1189,277,2023-05-06,Netherlands,Home,251,1,251
1190,274,2023-11-10,Germany,Sports,37,3,111
1191,294,2023-08-21,Spain,Sports,272,4,1088
1192,149,2023-06-30,France,Electronics,418,3,1254
1193,156,2023-12-22,Netherlands,Home,482,5,2410
1194,297,2023-02-01,France,Beauty,332,4,1328
1195,14,2023-01-27,Spain,Sports,346,3,1038
1196,40,2023-02-12,Spain,Home,74,5,370
1197,141,2023-03-09,Spain,Electronics,325,3,975
1198,78,2023-02-27,Italy,Home,319,2,638
1199,249,2023-03-31,France,Beauty,143,2,286
1200,75,2023-01-17,Netherlands,Clothing,185,1,185
